title,price,ratings,num_rates,screen_size,refresh_rate,chipset,GPU,sim_slot,internal_storage,battery,operating_system,RAM_in_GB
ASUS ROG Phone 6 12GB 256GB,14490000.0,5.0,20.0,6.78,120.0,Qualcomm ® Snapdragon ® 8+ thế hệ 1,Adreno ™ 730,2 SIM (Nano-SIM),256.0,6000.0,Android,12.0
BENCO V91 4GB 128GB,2690000.0,5.0,1.0,6.56,90.0,Unisoc T606,Adreno 610,2 SIM (Nano-SIM),128.0,5000.0,Android,8.0
Benco S1 Pro 8GB 256GB,4290000.0,5.0,10.0,6.8,120.0,Unisoc T616,Mali-G57,2 SIM (Nano-SIM),256.0,5000.0,Android,16.0
INOI 288S 4G,1000000.0,5.0,1.0,2.0,120.0,Apple A18 Pro,Adreno 610,2 SIM (Nano-SIM),128.0,1000.0,Android,8.0
INOI Note 13s 8GB 256GB,2790000.0,5.0,2.0,6.95,120.0,Unisoc T606,Adreno 610,2 SIM (Nano-SIM),256.0,5000.0,Android,8.0
TCL 406S 4GB 64GB,1990000.0,5.0,10.0,6.6,120.0,Helio G25,IMG GE8320 @ 650 MHz,2 SIM (Nano-SIM),64.0,5000.0,Android,4.0
OnePlus 11 5G 8GB 128GB - Chỉ có tại CellphoneS,15990000.0,5.0,2.0,6.7,120.0,Snapdragon 8 Gen 2 (4 nm),Adreno 740,2 SIM (nano‑SIM và eSIM),128.0,5000.0,Android,16.0
OnePlus 11 5G 16GB 256GB,18990000.0,5.0,10.0,6.7,120.0,Snapdragon 8 Gen 2 (4 nm),Adreno 740,2 SIM (nano‑SIM và eSIM),256.0,5000.0,Android,28.0
OnePlus Nord CE 3 Lite - Chỉ có tại CellphoneS,5690000.0,4.9,9.0,6.72,120.0,Snapdragon 695 5G,Adreno 619,2 SIM (Nano-SIM),256.0,5000.0,Android,8.0
Nokia 105 2 SIM (2019),520000.0,4.8,8.0,1.77,120.0,Apple A18 Pro,Adreno 610,Micro-SIM,128.0,800.0,Android,8.0
Nokia 8210 4G 128MB,1570000.0,5.0,4.0,2.8,120.0,Unisoc T107 (22 nm),Adreno 610,2 SIM (Nano-SIM),128.0,1450.0,S30+,8.0
Nokia 110 4G Pro,750000.0,4.9,18.0,1.77,120.0,Unisoc T107,Adreno 610,2 SIM (Nano-SIM),128.0,1450.0,S30+,8.0
Nokia 105 4G Pro,680000.0,4.8,20.0,1.77,120.0,Unisoc T107,Adreno 610,2 SIM (Nano-SIM),128.0,1450.0,Android,8.0
Nokia 220 4G,950000.0,4.9,18.0,2.8,120.0,Unisoc T107,Adreno 610,2 Nano-SIM,128.0,1450.0,S30+,8.0
Nokia 3210 4G,1550000.0,4.8,6.0,2.4,120.0,Unisoc T107,Adreno 610,2 Nano-SIM,128.0,1450.0,Android,8.0
Nokia HMD 105 4G,650000.0,5.0,10.0,2.4,120.0,Unisoc 8910  & T127,Adreno 610,2 SIM (Nano-SIM),128.0,1450.0,Android,8.0
Masstel izi S3 4G,470000.0,5.0,10.0,1.77,120.0,Apple A18 Pro,Adreno 610,2 SIM (Nano-SIM),16.0,1000.0,Android,8.0
Masstel Izi 15 4G,450000.0,5.0,5.0,1.77,120.0,Unisoc UMS9117,"RAM 48 MB, ROM 128 MB",2 SIM (Nano-SIM),128.0,1000.0,Android,8.0
Masstel Fami 12S 4G,650000.0,5.0,10.0,1.77,120.0,Unisoc T107,Adreno 610,2 SIM (Nano-SIM),128.0,1400.0,Android,8.0
Masstel izi 16 4G,450000.0,5.0,5.0,1.77,120.0,Unisoc UMS9117,Adreno 610,2 SIM (Nano-SIM),128.0,1000.0,Android,8.0
Masstel izi T2 4G,500000.0,4.8,5.0,2.4,120.0,Unisoc T107,Adreno 610,2 SIM (Nano-SIM),128.0,1800.0,Android,0.046875
Điện thoại ZTE Blade V40 6GB 128GB,2290000.0,4.8,19.0,6.67,120.0,Unisoc T618,ARM Mali-G57,2 SIM (Nano-SIM),128.0,5000.0,Android,11.0
Điện thoại ZTE Blade A72 3GB 128GB,1990000.0,5.0,4.0,6.745,90.0,UMS9230（T606）,ARM Mali Natt 650MHz,2 SIM (Nano-SIM),128.0,5130.0,Android,3.0
Điện thoại ZTE Blade A54 4GB 128GB,2190000.0,5.0,1.0,6.6,90.0,Unisoc SC9863A (28nm),IMG8322,2 SIM (Nano-SIM),128.0,5000.0,Android,8.0
ZTE Blade V50 Design 8GB 128GB,2790000.0,4.8,22.0,6.6,90.0,Unisoc T606（UMS9230）,ARM Mali G57 1Core @650MHz,2 SIM (Nano-SIM),128.0,5000.0,Android,18.0
ZTE Blade A52 3GB 64GB,1790000.0,4.7,9.0,6.52,120.0,Unisoc SC9863A,GE8322 up to 550MHz,2 SIM (Nano-SIM),64.0,5000.0,Android,3.0
ZTE Blade V50 Design 8GB 256GB,2990000.0,4.9,27.0,6.6,90.0,Unisoc T606（UMS9230）,ARM Mali G57 1Core @650MHz,2 SIM (Nano-SIM),256.0,5000.0,Android,18.0
Điện thoại ZTE Blade  A55 4GB 64GB,1990000.0,5.0,2.0,6.75,90.0,Unisoc SC9863A1,Adreno 610,2 SIM (Nano-SIM),64.0,5000.0,Android,4.0
Điện thoại ZTE Blade A55 4GB 128GB,2190000.0,5.0,9.0,6.75,90.0,Unisoc SC9863A1,Adreno 610,2 SIM (Nano-SIM),128.0,5000.0,Android,4.0
Nubia V60 Design 6GB 256GB,2690000.0,4.8,12.0,6.6,90.0,Unisoc T606,Adreno 610,2 SIM (Nano-SIM),256.0,5000.0,Android,6.0
Nubia Neo 8GB 256GB,3990000.0,4.9,61.0,6.6,120.0,Chip Unisoc T820,G57@4C 850MHz,2 SIM (Nano-SIM),256.0,4500.0,Android,8.0
Nubia Music NFC 4GB 128GB (Bản đặc biệt),2090000.0,4.9,9.0,6.6,90.0,Apple A18 Pro,Adreno 610,2 SIM (Nano-SIM),128.0,5000.0,Android,4.0
Nubia Neo 2 5G,4690000.0,4.9,198.0,6.72,120.0,Unisoc T820 (6 nm),Mali-G57,2 SIM (Nano-SIM),256.0,6000.0,Android,8.0
Itel S23 8GB 256GB,2390000.0,5.0,34.0,6.6,90.0,Unisoc T606,Adreno 610,Micro-SIM + Nano SIM,256.0,5000.0,Android,8.0
Itel S23 8GB 128GB,2390000.0,5.0,10.0,6.6,90.0,Unisoc T606,Adreno 610,Micro-SIM + Nano SIM,128.0,5000.0,Android,8.0
Itel 9211 4G,490000.0,5.0,1.0,2.4,120.0,Apple A18 Pro,Adreno 610,2 Nano-SIM,128.0,1000.0,Android,0.0625
Itel 9310 4G,650000.0,4.0,5.0,3.0,120.0,Apple A18 Pro,Adreno 610,Nano-SIM,128.0,2000.0,Android,0.0625
Itel RS4 12GB 256GB NFC,3990000.0,5.0,1.0,6.56,120.0,Mediatek Helio G99 Ultimate,Mali-G57 MC2,2 Nano-SIM,256.0,5000.0,Android,12.0
Itel RS4 8GB 128GB NFC,3290000.0,5.0,9.0,6.56,120.0,Mediatek Helio G99 Ultimate,Mali-G57 MC2,2 Nano-SIM,128.0,5000.0,Android,8.0
Itel P55 Plus 8GB 128GB,2790000.0,4.5,6.0,6.6,90.0,Unisoc T606,Adreno 610,2 SIM (Nano-SIM),128.0,5000.0,Android,8.0
Itel P55 8GB 128GB NFC,2690000.0,5.0,13.0,6.6,90.0,Unisoc T606 (12 nm),Mali-G57 MP1,2 Nano-SIM,128.0,5000.0,Android,8.0
Itel RS4 8GB 256GB NFC,3590000.0,4.9,18.0,6.56,120.0,Mediatek Helio G99 Ultimate,Mali-G57 MC2,2 Nano-SIM,256.0,5000.0,Android,8.0
Sony Xperia 1V 12GB 256GB,20190000.0,5.0,10.0,6.5,120.0,Snapdragon 8 Gen 2,Adreno 610,2 SIM (Nano-SIM),256.0,5000.0,Android,12.0
Sony Xperia 1VI 12GB 256GB,25490000.0,5.0,10.0,6.5,120.0,Snapdragon 8 Gen 3 Mobile Platform,Adreno 610,2 SIM (Nano-SIM),256.0,5000.0,Android,12.0
Sony Xperia 10VI 8GB 128GB,8750000.0,5.0,1.0,6.1,60.0,Snapdragon 6 Gen 1 Mobile Platform,Adreno 610,2 SIM (Nano-SIM),128.0,5000.0,Android,8.0
TECNO SPARK 10 Pro 8GB 128GB,2890000.0,5.0,17.0,6.78,120.0,Helio G88,Mali-G57 MC2,2 SIM (Nano-SIM),128.0,5000.0,Android,8.0
TECNO SPARK Go 2024 4GB 64GB,1800000.0,5.0,12.0,6.6,90.0,Unisoc T606,Mali-G57 MP1,2 SIM (Nano-SIM),64.0,5.0,Android,8.0
TECNO SPARK 20 8GB 128GB,3050000.0,4.8,10.0,6.56,90.0,MediaTek Helio G85,Mali-G52 MC2,2 SIM (Nano-SIM),128.0,5.0,Android,16.0
TECNO POVA 5 8GB 128GB,3690000.0,4.8,33.0,6.78,120.0,Mediatek MT8781 Helio G99 (6nm),Mali-G52 MC2,2 SIM (Nano-SIM),128.0,6000.0,Android,8.0
Tecno POP 5 LTE,2150000.0,5.0,10.0,6.52,60.0,Unisoc SC9863A (28nm),Adreno 610,2 SIM (Nano-SIM),32.0,5000.0,Android,2.0
Tecno Camon 30 12GB 256GB,5690000.0,4.7,30.0,6.78,120.0,Helio G99 Ultimate(6nm),ARM Mali-G57 MC2,Nano-SIM,256.0,5000.0,Android,12.0
TECNO SPARK Go 1 4GB 64GB,2190000.0,4.9,9.0,6.67,120.0,Unisoc T615,Adreno 610,2 Nano-SIM,64.0,5000.0,Android,4.0
TECNO POVA 5 8GB 256GB,3890000.0,4.9,15.0,6.78,120.0,Mediatek MT8781 Helio G99 (6nm),Mali-G52 MC2,2 SIM (Nano-SIM),256.0,6000.0,Android,8.0
TECNO SPARK 20PRO+ 8GB 256GB,4590000.0,4.9,31.0,6.78,120.0,Mediatek Helio G99,Adreno 610,2 SIM (Nano-SIM),256.0,5000.0,Android,16.0
TECNO SPARK 30C 4GB 128GB,2490000.0,4.9,16.0,6.67,120.0,MediaTek Helio G81,"MT676 
 G52 MC2 @820MHz",2 SIM (Nano-SIM),128.0,5000.0,Android,8.0
Tecno Camon 30 8GB 256GB,5190000.0,4.9,29.0,6.78,120.0,Helio G99 Ultimate(6nm),ARM Mali-G57 MC2,Nano-SIM,256.0,5000.0,Android,8.0
Tecno Pova 6 8GB 256GB,5890000.0,4.9,23.0,6.78,120.0,MediaTek G99 Ultimate,Mali-G57 3D Graphics,2 Nano-SIM,256.0,6.0,Android,8.0
Tecno Pova 6 Neo 8GB 128GB,3990000.0,4.9,80.0,6.78,120.0,MediaTek Helio G99 Ultimate,ARM MAli-G57,2 Nano-SIM,128.0,7000.0,Android,8.0
TECNO SPARK 30 5G 6GB 128GB,4090000.0,5.0,10.0,6.7,120.0,MediaTek D6300,Adreno 610,2 SIM (Nano-SIM),128.0,5000.0,Android,12.0
TECNO CAMON 30S 8GB 256GB,4650000.0,4.8,59.0,6.78,120.0,Mediatek G100,Adreno 610,2 SIM (Nano-SIM),256.0,5000.0,Android,8.0
TECNO SPARK 30 Pro 8GB 256GB Transformer - Chỉ có tại CellphoneS,4590000.0,4.6,9.0,6.78,120.0,MediaTek Helio G100,Adreno 610,2 Nano-SIM,256.0,5000.0,Android,8.0
vivo Y36 8GB 256GB,5390000.0,5.0,10.0,6.64,90.0,Qualcomm Snapdragon 680 8 nhân,Adreno 610,2 SIM (Nano-SIM),256.0,5.0,Android,8.0
vivo Y22S 4GB 128GB,4290000.0,5.0,10.0,6.55,120.0,Qualcomm Snapdragon 680,Adreno 610,2 SIM (Nano-SIM),128.0,5000.0,Khác,4.0
vivo Y03t 4GB 64GB,2990000.0,5.0,10.0,6.56,90.0,T612,Adreno 610,2 SIM (Nano-SIM),64.0,5000.0,Android,4.0
vivo Y02t 4GB 64GB,2790000.0,5.0,10.0,6.51,60.0,MediaTek Helio P35 8 nhân,IMG PowerVR GE8320,2 SIM (Nano-SIM),64.0,5.0,Android,4.0
vivo Y17s 4GB 64GB,3090000.0,5.0,10.0,6.56,90.0,MediaTek Helio G85,Mali-G52,2 SIM (Nano-SIM),64.0,5000.0,Android,4.0
vivo Y03t 4GB 128GB,3190000.0,5.0,10.0,6.56,90.0,T612,Adreno 610,2 SIM (Nano-SIM),128.0,5000.0,Android,4.0
vivo Y16 4GB 128GB,3690000.0,5.0,2.0,6.51,120.0,MediaTek Helio P35 8 nhân,IMG PowerVR GE8320,2 SIM (Nano-SIM),128.0,5.0,Android,5.0
vivo Y04 6GB 128GB,3790000.0,5.0,10.0,6.74,120.0,Unisoc T7225 8 nhân,Mali-G52,2 Nano-SIM,128.0,5500.0,Android,6.0
vivo Y04 4GB 64GB,2990000.0,5.0,10.0,6.74,120.0,Unisoc T7225 8 nhân,Mali-G52,2 Nano-SIM,64.0,5500.0,Android,4.0
vivo Y36 8GB 256GB,5390000.0,5.0,10.0,6.64,90.0,Qualcomm Snapdragon 680 8 nhân,Adreno 610,2 SIM (Nano-SIM),256.0,5.0,Android,8.0
vivo V25e 8GB 128GB,5690000.0,5.0,3.0,6.44,90.0,MediaTek Helio G99,Mali-G57 MC2,2 SIM (Nano-SIM),128.0,4500.0,Android,8.0
vivo Y03 4GB 64GB,2990000.0,5.0,10.0,6.56,90.0,MediaTek Helio G85,Mali-G52 MC2,2 SIM (Nano-SIM),64.0,5000.0,Android,8.0
vivo Y18S 6GB 128GB,3990000.0,5.0,1.0,6.56,90.0,Helio G85,Mali-G52 MC2,2 SIM (Nano-SIM),128.0,5000.0,Android,6.0
vivo Y17s 4GB 128GB,3190000.0,4.6,7.0,6.56,90.0,MediaTek Helio G85,Adreno 610,2 SIM (Nano-SIM),128.0,5000.0,Android,4.0
vivo Y19S 8GB 128GB,4590000.0,5.0,10.0,6.68,90.0,T612,Adreno 610,2 Nano-SIM,128.0,5500.0,Android,8.0
vivo Y36 8GB 128GB,4990000.0,4.7,6.0,6.64,90.0,Qualcomm Snapdragon 680 8 nhân,Adreno 610,2 SIM (Nano-SIM),128.0,5.0,Android,8.0
vivo V30E 12GB 256GB,8990000.0,5.0,10.0,6.78,120.0,Qualcomm SM6450 Snapdragon 6 Gen 1 (4 nm),Adreno 710,2 SIM (Nano-SIM),256.0,5500.0,Android,12.0
Vivo Y100,6490000.0,5.0,10.0,6.67,120.0,Snapdragon 685 8 nhân,Adreno 610,2 SIM (Nano-SIM),256.0,5000.0,Android,8.0
Infinix Hot 50 8GB 256GB,3790000.0,5.0,4.0,6.78,120.0,MediaTek Helio G100,Adreno 610,2 SIM (Nano-SIM),256.0,5000.0,Android,8.0
Infinix Hot 40i 4GB 128GB,2290000.0,5.0,28.0,6.56,90.0,Unisoc T606 (12 nm),"Mali-G57 MC2, 650MHz",2 SIM (Nano-SIM),128.0,5000.0,Android,4.0
Infinix Note 40 Pro 8GB 256GB,5790000.0,4.8,17.0,6.78,120.0,MediaTek Helio G99 Ultimate,Mali-G57 MC2,2 SIM (Nano-SIM),256.0,5000.0,Khác,8.0
Infinix Hot 40 Pro Free Fire 8GB 256GB,3990000.0,5.0,30.0,6.78,120.0,Mediatek Helio G99 (6nm),Mali-G57 MC2,2 SIM (Nano-SIM),256.0,5000.0,Android,8.0
Infinix Hot 40i 8GB 256GB,2890000.0,4.9,7.0,6.56,90.0,Unisoc T606 (12 nm),"Mali-G57 MC2, 650MHz",2 SIM (Nano-SIM),256.0,5000.0,Android,8.0
Infinix Hot 50 8GB 256GB,3790000.0,5.0,4.0,6.78,120.0,MediaTek Helio G100,Adreno 610,2 SIM (Nano-SIM),256.0,5000.0,Android,8.0
Infinix Hot 50 Pro Plus 8GB 256GB,4890000.0,4.9,12.0,6.78,120.0,MediaTek Helio G100,Adreno 610,2 SIM (Nano-SIM),256.0,5000.0,Android,8.0
Nothing Phone CMF 1 8GB 256GB,7090000.0,5.0,10.0,6.67,120.0,MediaTek Dimensity 7300 5G,4nm TSMC process,2 SIM (Nano-SIM),256.0,5000.0,Android,8.0
Nothing Phone CMF 1 8GB 128GB,6490000.0,5.0,10.0,6.67,120.0,MediaTek Dimensity 7300 5G,4nm TSMC process,2 SIM (Nano-SIM),128.0,5000.0,Android,8.0
Nothing Phone 2A 5G 12GB 256GB - Chỉ có tại CellphoneS,7990000.0,5.0,3.0,6.7,120.0,MediaTek Dimensity 7200 Pro (4nm TSMC process),Adreno 610,2 SIM (Nano-SIM),256.0,5000.0,Android,12.0
Nothing Phone 2A Plus 5G 12GB 256GB - Chỉ có tại CellphoneS,8890000.0,5.0,3.0,6.7,120.0,MediaTek Dimensity 7350 Pro 5G,ARM Mali G610 MC4,2 SIM (Nano-SIM),256.0,5000.0,Android,12.0
Nothing Phone 2A 5G 8GB 128GB - Chỉ có tại CellphoneS,6790000.0,5.0,4.0,6.7,120.0,MediaTek Dimensity 7200 Pro (4nm TSMC process),Adreno 610,2 SIM (Nano-SIM),128.0,5000.0,Android,8.0
realme C51 4GB 64GB,3290000.0,5.0,10.0,6.74,120.0,Unisoc Tiger T612,Mali-G57,2 SIM (Nano-SIM),64.0,5000.0,Android,8.0
realme C51 4GB 128GB,2390000.0,4.7,16.0,6.74,90.0,Unisoc UNISOC T612,Mali-G57,2 SIM (Nano-SIM),128.0,5000.0,Android,8.0
realme C55 6GB 128GB,3480000.0,4.9,22.0,6.72,90.0,Helio G88,Mali-G52,2 SIM (Nano-SIM),128.0,5000.0,Android,6.0
realme 11 8GB 128GB,4590000.0,5.0,9.0,6.4,90.0,Chip Helio G99,ARM G57 MC2,2 SIM (Nano-SIM),128.0,5.0,Android,16.0
realme 11 Pro (8GB -  256GB),7790000.0,5.0,4.0,6.7,120.0,Mediatek Dimensity 7050 5G,Mali-G68,2 SIM (Nano-SIM),256.0,5.0,Android,8.0
realme C53 8GB 256GB,3750000.0,5.0,4.0,6.74,90.0,Unisoc Tiger T612,ARM Mali-G57,2 SIM (Nano-SIM),256.0,5000.0,Android,16.0
realme C67 8GB 128GB,4290000.0,4.9,16.0,6.72,90.0,Snapdragon 685 8 nhân,Adreno 610,2 SIM (Nano-SIM),128.0,5000.0,Android,8.0
realme 10 8GB 256GB,7190000.0,5.0,14.0,6.4,90.0,Helio G99 (6nm),Mali-G57 MC2,2 SIM (Nano-SIM),256.0,5.0,Android,8.0
realme Note 60 4GB 64GB,3090000.0,5.0,4.0,6.74,90.0,UNISOC T612,Mali-G57,2 Nano-SIM,64.0,5000.0,Android,4.0
realme Note 60x 3GB 64GB,2690000.0,5.0,6.0,6.74,90.0,Unisoc T612,Adreno 610,2 SIM (Nano-SIM),64.0,5000.0,Android,3.0
realme C61 6GB 128GB,3890000.0,4.0,1.0,6.745,90.0,Unisoc Tiger T612,ARM Mali-G57 MP4,2 Nano-SIM,128.0,5000.0,Android,6.0
realme C61 4GB 128GB,2890000.0,4.7,3.0,6.745,90.0,Unisoc Tiger T612,ARM Mali-G57 MP4,2 Nano-SIM,128.0,5000.0,Android,4.0
realme C51 6GB 256GB,3390000.0,5.0,1.0,6.74,90.0,Unisoc UNISOC T612,Mali-G57,2 SIM (Nano-SIM),256.0,5000.0,Android,6.0
realme C60 4GB 64GB,2390000.0,5.0,3.0,6.74,90.0,Unisoc T612,ARM Mali-G57,2 SIM (Nano-SIM),64.0,5000.0,Android,4.0
realme C65 8GB 256GB,3850000.0,5.0,1.0,6.67,90.0,MediaTek Helio G85 8 nhân,Mali-G52,2 SIM (Nano-SIM),256.0,5000.0,Android,8.0
realme C65s 8GB 256GB,4890000.0,5.0,10.0,6.745,90.0,Unisoc Tiger T612,Mali-G57,2 SIM (Nano-SIM),256.0,5000.0,Android,8.0
realme 13+ 5G 8GB 256GB,7690000.0,5.0,4.0,6.67,120.0,Dimensity 7300 Energy 5G,Arm® Mali-G615,2 Nano-SIM,256.0,5000.0,Android,8.0
OPPO Reno12 5G (12GB 512GB),16090000.0,5.0,10.0,6.7,120.0,Dimensity 7300 (4nm),Adreno 610,2 SIM (Nano-SIM),512.0,5000.0,Android,12.0
OPPO Reno10 128GB,7990000.0,4.5,2.0,6.7,120.0,MediaTek Dimensity 7050,ARM Mail-G68 MC4,2 SIM (Nano-SIM),128.0,5000.0,Android,8.0
OPPO Reno11 F 5G 8GB 256GB,8490000.0,5.0,5.0,6.7,120.0,Mediatek Dimensity 7050 (6 nm),Adreno 610,2 SIM (Nano-SIM),256.0,5000.0,Android,8.0
OPPO Reno10 5G 8GB 256GB,8490000.0,4.8,4.0,6.7,120.0,MediaTek Dimensity 7050 5G 8 nhân,ARM Mail-G68 MC4,2 SIM (Nano-SIM),256.0,5000.0,Android,8.0
OPPO A76,4190000.0,5.0,1.0,6.56,90.0,Snapdragon 680 4G (6 nm),Adreno 610,2 SIM (Nano-SIM),128.0,5000.0,Android,6.0
OPPO A77s 8GB 128GB,5190000.0,5.0,2.0,6.56,90.0,Snapdragon 680 4G,Adreno 610,2 SIM (Nano-SIM),128.0,5000.0,Android,8.0
OPPO A17K,2790000.0,4.7,6.0,6.56,60.0,MediaTek Helio G35 8 nhân,IMG GE8320 @ 680MHz,2 SIM (Nano-SIM),64.0,5000.0,Android,3.0
OPPO Find N3 16GB 512GB,32490000.0,5.0,1.0,7.82,120.0,Snapdragon 8 Gen 2 8 nhân,Adreno 740,Nano-SIM + eSIM,512.0,4805.0,Android,16.0
OPPO A78 4G 8GB 256GB,6490000.0,5.0,6.0,6.43,90.0,"Qualcomm Snapdragon 680, tối đa 2.4GHz",Adreno 610,2 SIM (Nano-SIM),256.0,5000.0,Android,8.0
OPPO A58 4G 6GB 128GB,4290000.0,5.0,6.0,6.72,60.0,"Helio G85, tối đa 2.0GHz",Mali G52 MP2,2 SIM (Nano-SIM),128.0,5000.0,Android,6.0
OPPO Find N3 Flip 12GB 256GB,16490000.0,5.0,4.0,6.8,120.0,MediaTek Dimensity 9200,Immortalis-G715 MC11,2 SIM (Nano-SIM),256.0,4300.0,Android,12.0
OPPO A18 4GB 64GB,2990000.0,5.0,10.0,6.56,90.0,MediaTek Helio G85 8 nhân,Mali-G52 MP2,2 SIM (Nano-SIM),64.0,5000.0,Android,4.0
OPPO A38 6GB 128GB,3990000.0,5.0,10.0,6.56,90.0,MediaTek Helio G85 8 nhân,Mali-G52 MP2,2 SIM (Nano-SIM),128.0,5000.0,Android,6.0
OPPO Find X5 Pro 5G 12GB 256GB,13490000.0,4.8,4.0,6.7,120.0,Qualcomm Snapdragon 8 Gen 1,Adreno 730 @818MHz,2 SIM (Nano-SIM),256.0,5.0,Android,12.0
OPPO A3 8GB 256GB,6090000.0,5.0,1.0,6.67,90.0,"Snapdragon 6s 4G Gen1, tối đa 2.1GHz",Adreno 610,2 SIM (Nano-SIM),256.0,5100.0,Android,8.0
OPPO A58 8GB 128GB,4790000.0,5.0,10.0,6.72,60.0,MediaTek Helio G85 8 nhân,Mali-G52 MP2,2 SIM (Nano-SIM),128.0,5000.0,Android,8.0
OPPO Reno13 F 5G 12GB 256GB,10790000.0,4.7,3.0,6.67,120.0,"Qualcomm Snapdragon 6 Gen1 5G, tối đa 2.2GHz",Adreno 710,2 Nano-SIM,256.0,5800.0,Android,12.0
OPPO A18 4GB 128GB,3290000.0,5.0,8.0,6.56,90.0,MediaTek Helio G85 8 nhân,Mali G52 MP2,2 SIM (Nano-SIM),128.0,5000.0,Android,4.0
OPPO A79 5G 8GB 256GB,6990000.0,5.0,4.0,6.72,90.0,MediaTek Dimensity 6020 5G 8 nhân,Mali-G57 MC2,2 SIM (Nano-SIM),256.0,5000.0,Android,8.0
OPPO Reno12 F 5G 8GB 256GB,7490000.0,4.8,8.0,6.7,120.0,MediaTek Dimensity 6300,Adreno 610,2 SIM (Nano-SIM),256.0,5000.0,Android,8.0
OPPO A3 6GB 128GB,4590000.0,5.0,10.0,6.67,90.0,"Snapdragon 6s 4G Gen1, tối đa 2.1GHz",Adreno 610,2 SIM (Nano-SIM),128.0,5100.0,Android,6.0
OPPO Reno13 F 8GB 256GB,8790000.0,5.0,17.0,6.67,120.0,"MediaTek Helio G100, tối đa 2.2GHz",ARM G57 MC2 1.0GHz,2 SIM (Nano-SIM),256.0,5800.0,Android,8.0
OPPO Reno12 5G 12GB 256GB,9490000.0,4.6,5.0,6.7,120.0,MediaTek Dimensity 7300,Adreno 610,2 SIM (Nano-SIM),256.0,5000.0,Android,12.0
OPPO Find X8,21990000.0,4.9,29.0,6.59,120.0,MediaTek Dimensity 9400,Immortalis G925 MC12,Dual nano-SIM hoặc 1 nano-SIM + 1 eSIM,512.0,5630.0,Android,16.0
Xiaomi Redmi 10 (4GB - 128GB),3650000.0,4.8,30.0,6.5,90.0,MediaTek Helio G88,Mali-G52 MC2,2 SIM (Nano-SIM),128.0,5000.0,Khác,4.0
Xiaomi Redmi Note 11S,4990000.0,4.8,10.0,6.43,90.0,MediaTek Helio G96CPU,ARM Mali-G57 MC2,2 SIM (Nano-SIM),128.0,5000.0,Android,8.0
Xiaomi Redmi Note 11 Pro Plus 5G - Chỉ có tại CellphoneS,6090000.0,4.9,33.0,6.67,120.0,MediaTek Dimensity 920 5G (6 nm),ARM Mali-G68,2 SIM (Nano-SIM),256.0,4500.0,Android,8.0
Xiaomi Redmi 12C 4GB 64GB,2190000.0,4.9,25.0,6.71,120.0,Mediatek MT6769Z Helio G85 (12nm),Mali-G52 MC2,2 SIM (Nano-SIM),64.0,5000.0,Android,4.0
Xiaomi Redmi Note 11 128GB,4090000.0,4.6,44.0,6.43,90.0,Snapdragon 680 8 nhân,Adreno 610,2 SIM (Nano-SIM),128.0,5000.0,Android,4.0
Xiaomi Redmi Note 12 8GB 128GB,4290000.0,4.9,57.0,6.67,120.0,Qualcomm Snapdragon 685,Adreno 610,2 SIM (Nano-SIM),128.0,5000.0,Android,8.0
Xiaomi Redmi Note 11,3890000.0,4.8,33.0,6.43,90.0,Snapdragon 680 8 nhân,Adreno 610,2 SIM (Nano-SIM),64.0,5000.0,Android,4.0
Xiaomi Redmi A3 4GB 128GB,2390000.0,5.0,1.0,6.71,90.0,MediaTek Helio G36,Adreno 610,2 SIM (Nano-SIM),128.0,5000.0,Android,4.0
Xiaomi Redmi Note 12 Pro 4G 8GB 256GB,5690000.0,4.5,17.0,6.67,120.0,Qualcomm SM7150 Snapdragon 732G (8 nm),Adreno 618,2 SIM (Nano-SIM),256.0,5000.0,Android,8.0
Xiaomi Redmi 13C 6GB 128GB,2990000.0,4.9,19.0,6.74,90.0,MediaTek Helio G85 8 nhân,Mali-G52 MC2,2 SIM (Nano-SIM),128.0,5000.0,Android,6.0
Xiaomi Redmi Note 11 Pro 5G,5590000.0,4.9,7.0,6.67,120.0,Snapdragon® 695,Qualcomm® Adreno™ 619,2 SIM (Nano-SIM),128.0,5000.0,Android,8.0
Xiaomi Redmi Note 13 Pro 4G 8GB 128GB,5990000.0,5.0,40.0,6.67,120.0,MediaTek Helio G99-Ultra 8 nhân,Mali-G57 MC2,2 SIM (Nano-SIM),128.0,5000.0,Android,8.0
Redmi Note 13 Pro 5G 12GB 512GB,9290000.0,4.7,3.0,6.67,120.0,Snapdragon 7s Gen 2 8 nhân,Adreno 710,2 SIM (Nano-SIM),512.0,5100.0,Android,12.0
Xiaomi 12T 8GB 128GB,5490000.0,5.0,160.0,6.67,120.0,MediaTek Dimensity 8100 Ultra 8 nhân,Mali G610 MC6,2 SIM (Nano-SIM),128.0,5000.0,Android,8.0
Xiaomi 13T 12GB 256GB,10590000.0,4.9,22.0,6.67,144.0,MediaTek Dimensity 8200-Ultra,Mali-G610,2 SIM (Nano-SIM),256.0,5.0,Android,12.0
Xiaomi 13 Pro (12GB - 256GB),24490000.0,5.0,10.0,6.73,120.0,Chip Snapdragon® 8 Gen 2,Adreno 610,2 SIM (Nano-SIM),256.0,4820.0,Android,12.0
Xiaomi 14 Ultra 5G 16GB 512GB,24090000.0,4.7,3.0,6.73,120.0,Snapdragon 8 Gen 3,Qualcomm® Adreno™ GPU,2 SIM (Nano-SIM),512.0,5.0,Khác,16.0
Xiaomi Redmi Note 12 4GB 128GB,3790000.0,4.9,53.0,6.67,120.0,Qualcomm Snapdragon 685,Adreno™ 610,2 SIM (Nano-SIM),128.0,5000.0,Android,4.0
Xiaomi 14 12GB 256GB,18990000.0,4.9,18.0,6.36,120.0,Qualcomm Snapdragon 8 Gen 3 (4 nm),Adreno 750,2 SIM (Nano-SIM),256.0,4610.0,Android,12.0
Xiaomi POCO X7 Pro 5G 12GB 256GB - Chỉ có tại CellphoneS,9190000.0,5.0,19.0,6.67,120.0,Dimensity 8400-Ultra,Mali G615,2 SIM (Nano-SIM),256.0,5000.0,Android,12.0
Xiaomi POCO M5 (6GB 128GB),2990000.0,4.9,21.0,6.58,90.0,MediaTek Helio G99 (6nm),Mali-G57 MC2,2 SIM (Nano-SIM),128.0,5000.0,Android,6.0
Xiaomi 13 8GB 256GB,16490000.0,5.0,5.0,6.36,120.0,Chip Snapdragon® 8 thế hệ thứ 2,GPU Qualcomm® Adreno™,2 SIM (Nano-SIM),256.0,4500.0,Android,8.0
Xiaomi Redmi Note 13 Pro 8GB 256GB,6290000.0,4.9,8.0,6.67,120.0,MediaTek Helio G99-Ultra 8 nhân,Mali-G57 MC2,2 SIM (Nano-SIM),256.0,5000.0,Android,8.0
Xiaomi POCO X6 Pro 5G 8GB 256GB - Chỉ có tại CellphoneS,8490000.0,4.9,173.0,6.67,120.0,Dimensity 8300-Ultra,Mali G615,2 SIM (Nano-SIM),256.0,5000.0,Android,8.0
Xiaomi Redmi Note 13 Pro Plus 5G 8GB 256GB,8290000.0,4.9,39.0,6.67,120.0,Mediatek Dimensity 7200 Ultra (4 nm),Mali-G610 MC4,2 SIM (Nano-SIM),256.0,5000.0,Android,8.0
Redmi Note 13 Pro 5G 12GB 512GB,9290000.0,4.7,3.0,6.67,120.0,Snapdragon 7s Gen 2 8 nhân,Adreno 710,2 SIM (Nano-SIM),512.0,5100.0,Android,12.0
Xiaomi Redmi 14C 4GB 128GB,2690000.0,4.8,30.0,6.88,120.0,MediaTek Helio G81-Ultra,Adreno 610,2 SIM (Nano-SIM),128.0,5160.0,Android,4.0
Xiaomi Redmi Note 13 6GB 128GB,3990000.0,5.0,47.0,6.67,120.0,Snapdragon 685,Adreno 610,2 SIM (Nano-SIM),128.0,5000.0,Android,6.0
Xiaomi Redmi Note 13 Pro 5G 8GB 256GB,7790000.0,4.8,17.0,6.67,120.0,Snapdragon 7s Gen 2 8 nhân,Adreno 710,Dual nano-SIM hoặc 1 nano-SIM + 1 eSIM,256.0,5100.0,Android,8.0
Xiaomi Redmi Note 13 Pro 4G 8GB 128GB,5990000.0,5.0,40.0,6.67,120.0,MediaTek Helio G99-Ultra 8 nhân,Mali-G57 MC2,2 SIM (Nano-SIM),128.0,5000.0,Android,8.0
Xiaomi Redmi Note 14 Pro Plus 5G 8GB 256GB,9790000.0,4.9,14.0,6.67,120.0,Snapdragon® 7s Gen 3,Qualcomm® Adreno™ GPU,2 Nano-SIM,256.0,5110.0,Android,8.0
Xiaomi 14T 12GB 512GB,10990000.0,5.0,33.0,6.67,144.0,MediaTek Dimensity 8300-Ultra,Arm Mali-G615 MC6,Sim kép (nano-Sim và e-Sim) - Hỗ trợ 2 e-Sim,512.0,5000.0,Android,12.0
Samsung Galaxy S25 Plus 512GB,25990000.0,5.0,10.0,6.7,120.0,Snapdragon 8 Elite dành cho Galaxy (3nm),Adreno 610,2 Nano-SIM + eSIM,512.0,4900.0,Android,12.0
Samsung Galaxy S25 512GB,22490000.0,5.0,10.0,6.2,120.0,Snapdragon 8 Elite dành cho Galaxy (3nm),Adreno 610,2 Nano-SIM + eSIM,512.0,4000.0,Android,12.0
Samsung Galaxy Z Fold6 12GB 1TB,45990000.0,5.0,10.0,7.6,120.0,Snapdragon 8 Gen 3 for Galaxy Tăng lên 42% AI,Adreno 610,SIM 1 + SIM 2 / SIM 1 + eSIM / 2 eSIM,1.0,4400.0,Android,12.0
Samsung Galaxy Z Fold6 12GB 512GB,40990000.0,5.0,10.0,7.6,120.0,Snapdragon 8 Gen 3 for Galaxy Tăng lên 42% AI,Adreno 610,SIM 1 + SIM 2 / SIM 1 + eSIM / 2 eSIM,512.0,4400.0,Android,12.0
Samsung Galaxy Z Flip6 12GB 512GB,26990000.0,5.0,10.0,6.7,120.0,Snapdragon 8 Gen 3 for Galaxy Tăng lên 42% AI,Adreno 610,1 Nano SIM + 1 eSIM hoặc 2 eSIM,512.0,4000.0,Android,12.0
Samsung Galaxy Z Flip4 Flex Mode Collection,25990000.0,5.0,10.0,6.7,120.0,Snapdragon 8+ Gen 1 (4 nm),Adreno 670,2 SIM (nano‑SIM và eSIM),256.0,3700.0,Android,8.0
Samsung Galaxy Z Flip3 5G 256GB,26990000.0,5.0,3.0,6.7,120.0,Snapdragon 888 8 nhân,Adreno 660,2 SIM (nano‑SIM và eSIM),256.0,3300.0,Android,8.0
Samsung Galaxy Z Fold4 512GB,24490000.0,5.0,10.0,7.6,120.0,Snapdragon 8 Plus Gen 1,Adreno 670,2 SIM (nano‑SIM và eSIM),512.0,4400.0,Android,12.0
Samsung Galaxy Z Fold3 5G 256GB,41990000.0,4.9,16.0,7.6,120.0,Snapdragon 888 5G (5 nm),Adreno 660,2 SIM (nano‑SIM và eSIM),256.0,4400.0,Android,12.0
Samsung Galaxy Z Flip3 5G 128GB,24990000.0,5.0,4.0,6.7,120.0,Snapdragon 888 8 (5nm),Adreno 660,2 SIM (nano‑SIM và eSIM),128.0,3300.0,Android,8.0
Samsung Galaxy Z Flip4 128GB,11190000.0,5.0,3.0,6.7,120.0,Snapdragon 8+ Gen 1 8 nhân,Adreno 670,2 SIM (nano‑SIM và eSIM),128.0,3700.0,Android,8.0
Samsung Galaxy Z Fold5 12GB 256GB,27990000.0,5.0,10.0,7.6,120.0,Snapdragon 8 Gen 2 for Galaxy (4nm) 8 nhân,Adreno 740,2 SIM (nano‑SIM và eSIM),256.0,4.0,Android,12.0
Samsung Galaxy Z Fold5 12GB 512GB,29990000.0,5.0,5.0,7.6,120.0,Snapdragon 8 Gen 2 for Galaxy (4nm) 8 nhân,Adreno 740,2 SIM (nano‑SIM và eSIM),512.0,4400.0,Android,12.0
Samsung Galaxy Z Flip5 256GB,25990000.0,4.5,4.0,6.7,120.0,Snapdragon 8 Gen 2 for Galaxy,Adreno 740,2 SIM (nano‑SIM và eSIM),256.0,3700.0,Android,8.0
Samsung Galaxy M15 5G,5890000.0,5.0,10.0,6.5,90.0,Mediatek Dimensity 6100+ (6 nm),Mali-G57 MC2,2 SIM (Nano-SIM),128.0,6000.0,Android,6.0
Samsung Galaxy M14 5G 4GB 128GB,4490000.0,4.8,26.0,6.6,90.0,Exynos 1330 (5nm),Mali-G68 MP2,2 SIM (Nano-SIM),128.0,6.0,Android,4.0
Samsung Galaxy M34 5G 8GB 128GB,5890000.0,4.8,15.0,6.5,120.0,Exynos 1280 (5 nm),Mali-G68,2 SIM (Nano-SIM),128.0,6000.0,Android,8.0
Samsung Galaxy M55 5G 8GB 256GB,8390000.0,5.0,10.0,6.7,120.0,Qualcomm Snapdragon 7 Gen 1 (4 nm),Adreno 644,2 SIM (Nano-SIM),256.0,5000.0,Android,8.0
Samsung Galaxy A32,6490000.0,4.8,20.0,6.4,90.0,Mediatek Helio G80 (12 nm),Mali-G52 MC2,2 SIM (Nano-SIM),128.0,5000.0,Android,6.0
Samsung Galaxy A23 5G,4150000.0,4.8,13.0,6.6,120.0,Snapdragon 695 5G (6 nm),Adreno 619,2 SIM (Nano-SIM),128.0,5000.0,Android,4.0
Samsung Galaxy A13 (4G),4190000.0,5.0,5.0,6.6,60.0,Exynos 850 8 nhân,Mali-G52,2 SIM (Nano-SIM),128.0,5000.0,Android,4.0
Samsung Galaxy A23 4G,3600000.0,4.8,8.0,6.6,120.0,Snapdragon 680 8 nhân,Adreno 610,2 SIM (Nano-SIM),128.0,5.0,Android,4.0
Samsung Galaxy A54 5G 8GB 128GB,7390000.0,5.0,6.0,6.4,120.0,Exynos 1380 (5 nm),Mali-G68 MP5,2 SIM (Nano-SIM),128.0,5000.0,Android,8.0
Samsung Galaxy A73 (5G) 256GB - Chỉ có tại CellphoneS,12990000.0,4.9,28.0,6.7,120.0,Snapdragon 778G 5G 8 nhân,Adreno 642L,2 SIM (Nano-SIM),256.0,5000.0,Android,8.0
Samsung Galaxy A05 4GB 128GB,2790000.0,4.9,15.0,6.7,60.0,Mediatek Helio G85,4 nhân 2.0 GHz & 4 nhân 1.8 GHz,2 SIM (Nano-SIM),128.0,5000.0,Android,4.0
Samsung Galaxy A53 (5G),9990000.0,4.9,11.0,6.5,120.0,Exynos 1280 8 nhân,Mali-G68,2 SIM (Nano-SIM),128.0,5000.0,Android,8.0
Samsung Galaxy A05S 4GB 128GB,3090000.0,5.0,19.0,6.7,90.0,Snapdragon 680 8 nhân,Adreno 610,2 SIM (Nano-SIM),128.0,5000.0,Android,4.0
Samsung Galaxy A06 5G 4GB 128GB,3990000.0,5.0,1.0,6.7,120.0,MediaTek Helio G85 8 nhân,Mali-G52,2 SIM (Nano-SIM),128.0,5000.0,Android,4.0
Samsung Galaxy A05S 6GB 128GB,3190000.0,5.0,10.0,6.7,90.0,Snapdragon 680 8 nhân,Adreno 610,2 SIM (Nano-SIM),128.0,5000.0,Android,6.0
Samsung Galaxy A16 LTE 4GB 128GB,4590000.0,5.0,1.0,6.7,90.0,MediaTek Helio G99,Mali-G57,2 Nano-SIM,128.0,5000.0,Android,4.0
Samsung Galaxy S23 8GB 256GB,24990000.0,5.0,2.0,6.1,120.0,Snapdragon 8 Gen 2,Adreno 740,2 Nano-SIM + eSIM,256.0,3900.0,Android,8.0
Samsung Galaxy S23 Ultra 12GB 1TB,44990000.0,5.0,1.0,6.8,120.0,Snapdragon 8 Gen 2 (4 nm),Adreno 740,2 Nano SIM hoặc 1 Nano + 1 eSIM,1.0,5000.0,Android,12.0
Samsung Galaxy S23 Plus 8GB 256GB,19990000.0,5.0,2.0,6.6,120.0,Snapdragon 8 Gen 2 (4 nm),Adreno 740,2 Nano SIM hoặc 1 Nano + 1 eSIM,256.0,4700.0,Android,8.0
Samsung Galaxy S24 Ultra 12GB 1TB,44490000.0,4.7,3.0,6.8,120.0,Snapdragon 8 Gen 3,Adreno 750 (1 GHz),SIM 1 + SIM 2 / SIM 1 + eSIM / 2 eSIM,1.0,5.0,Android,12.0
Samsung Galaxy S24 8GB 256GB,16790000.0,5.0,6.0,6.2,120.0,Exynos 2400,Xclipse 940,SIM 1 + SIM 2 / SIM 1 + eSIM / 2 eSIM,256.0,4000.0,Android,8.0
Samsung Galaxy S22 Ultra 12GB  256GB đã kích hoạt online - Chỉ có tại CellphoneS,18990000.0,4.8,43.0,6.8,120.0,Snapdragon 8 Gen 1 (4 nm),Adreno 730,2 Nano SIM hoặc 1 Nano + 1 eSIM,256.0,5000.0,Android,12.0
Samsung Galaxy S23 FE 8GB 256GB - ĐKH Online,11890000.0,4.8,10.0,6.4,120.0,Exynos 2200 8 nhân,Xclipse 920,2 Nano SIM hoặc 1 Nano + 1 eSIM,256.0,4500.0,Android,8.0
Samsung Galaxy S22 Ultra 8GB 128GB,30990000.0,5.0,80.0,6.8,120.0,Snapdragon 8 Gen 1 8 nhân,Adreno 730,2 Nano SIM hoặc 1 Nano + 1 eSIM,128.0,5000.0,Android,8.0
Samsung Galaxy S23 FE 5G 8GB 128GB,14890000.0,4.9,7.0,6.4,120.0,Exynos 2200 8 nhân,Xclipse 920,2 Nano SIM hoặc 1 Nano + 1 eSIM,128.0,4500.0,Android,8.0
Samsung Galaxy S23 8GB 128GB ĐKH Online - Chỉ có tại CellphoneS,13790000.0,5.0,41.0,6.1,120.0,Snapdragon 8 Gen 2 for Galaxy,Adreno 740,2 Nano SIM hoặc 1 Nano + 1 eSIM,128.0,3900.0,Android,8.0
Samsung Galaxy S23 Ultra 12GB 512GB,22290000.0,4.8,26.0,6.8,120.0,Snapdragon 8 Gen 2 (4 nm),Adreno 740,2 Nano SIM hoặc 1 Nano + 1 eSIM,512.0,5000.0,Android,12.0
Samsung Galaxy S24 Plus 12GB 512GB,21190000.0,5.0,1.0,6.7,120.0,Exynos 2400,Xclipse 940,SIM 1 + SIM 2 / SIM 1 + eSIM / 2 eSIM,512.0,4900.0,Android,12.0
Samsung Galaxy S24 8GB 512GB,20190000.0,5.0,1.0,6.2,120.0,Exynos 2400,Xclipse 940,SIM 1 + SIM 2 / SIM 1 + eSIM / 2 eSIM,512.0,4.0,Android,8.0
Samsung Galaxy S24 Ultra 12GB 512GB,28590000.0,4.9,8.0,6.8,120.0,Snapdragon 8 Gen 3,Adreno 750 (1 GHz),SIM 1 + SIM 2 / SIM 1 + eSIM / 2 eSIM,512.0,5000.0,Android,12.0
Samsung Galaxy S24 Plus 12GB 256GB,18990000.0,5.0,8.0,6.7,120.0,Exynos 2400,Adreno 750,SIM 1 + SIM 2 / SIM 1 + eSIM / 2 eSIM,256.0,4900.0,Android,12.0
Samsung Galaxy S25 Ultra 1TB,38190000.0,5.0,1.0,6.9,120.0,Snapdragon 8 Elite dành cho Galaxy (3nm),Adreno 610,2 Nano-SIM + eSIM,1.0,5000.0,Android,12.0
Samsung Galaxy S25 Plus 256GB,22990000.0,5.0,4.0,6.7,120.0,Snapdragon 8 Elite dành cho Galaxy (3nm),Adreno 610,2 Nano-SIM + eSIM,256.0,4900.0,Android,12.0
Samsung Galaxy A25 5G 6GB 128GB,5390000.0,4.8,17.0,6.5,120.0,Exynos 1280 8 nhân,Mali-G68,2 SIM (Nano-SIM),128.0,5000.0,Android,6.0
Samsung Galaxy A06 4GB 128GB,3190000.0,4.9,11.0,6.7,60.0,MediaTek Helio G85,Adreno 610,2 SIM (Nano-SIM),128.0,5000.0,Android,4.0
Samsung Galaxy S25 Ultra 512GB,31990000.0,4.8,9.0,6.9,120.0,Snapdragon 8 Elite dành cho Galaxy (3nm),Adreno 610,2 Nano-SIM + eSIM,512.0,5000.0,Android,12.0
Samsung Galaxy A35 5G 8GB 128GB,6790000.0,4.9,17.0,6.6,120.0,Exynos 1380,Mali-G68 MP5,2 SIM (Nano-SIM),128.0,5000.0,Android,8.0
Samsung Galaxy S23 Ultra 256GB,19490000.0,5.0,48.0,6.8,120.0,Snapdragon 8 Gen 2 (4 nm),Adreno 740,2 Nano SIM hoặc 1 Nano + 1 eSIM,256.0,5.0,Android,8.0
Samsung Galaxy A55 5G 8GB 128GB,8490000.0,4.9,34.0,6.6,120.0,Exynos 1480 4nm 2.4GHz,AMD Titan 1WGP,2 SIM (Nano-SIM),128.0,5000.0,Android,8.0
Samsung Galaxy A36 5G 8GB 128GB,7990000.0,5.0,1.0,6.7,120.0,Snapdragon 6 Gen 3,Adreno 610,SIM 1 + SIM 2 / SIM 1 + eSIM / 2 eSIM,128.0,5000.0,Android,8.0
Samsung Galaxy Z Fold6 12GB 256GB,38990000.0,4.9,22.0,7.6,120.0,Snapdragon 8 Gen 3 for Galaxy Tăng lên 42% AI,Adreno 610,SIM 1 + SIM 2 / SIM 1 + eSIM / 2 eSIM,256.0,4400.0,Android,12.0
Samsung Galaxy A16 5G 8GB 128GB,6090000.0,4.8,12.0,6.7,90.0,MediaTek Dimensity 6300(6nm),Mali-G57,2 Nano-SIM,128.0,5000.0,Android,8.0
iPhone 12 Pro 128GB I Chính hãng VN/A,24990000.0,5.0,54.0,6.1,60.0,Apple A14 Bionic (5 nm),Apple GPU (4-core graphics),2 SIM (nano‑SIM và eSIM),128.0,20.0,iOS,6.0
iPhone 12 Pro Max 256GB I Chính hãng VN/A,27590000.0,5.0,10.0,6.7,60.0,Apple A14 Bionic (5 nm),Apple GPU (4-core graphics),2 SIM (nano‑SIM và eSIM),256.0,18.0,iOS,6.0
iPhone 12 64GB | Chính hãng VN/A,7990000.0,4.9,75.0,6.1,60.0,Apple A14 Bionic (5 nm),Apple GPU (4-core graphics),2 SIM (nano‑SIM và eSIM),64.0,20.0,iOS,4.0
iPhone 12 mini 64GB I Chính hãng VN/A,12990000.0,4.7,15.0,5.4,60.0,Apple A14 Bionic (5 nm),Apple GPU (4-core graphics),2 SIM (nano‑SIM và eSIM),64.0,20.0,iOS,4.0
iPhone 12 128GB | Chính hãng VN/A,9990000.0,4.8,43.0,6.1,60.0,Apple A14 Bionic (5 nm),Apple GPU (4-core graphics),2 SIM (nano‑SIM và eSIM),128.0,20.0,iOS,4.0
iPhone 13 512GB | Chính hãng VN/A,25500000.0,5.0,1.0,6.1,60.0,Apple A15,GPU 4 nhân,2 SIM (nano‑SIM và eSIM),512.0,3240.0,iOS,4.0
iPhone 13 Pro 256GB | Chính hãng VN/A,24490000.0,5.0,2.0,6.1,120.0,Apple A15 Bionic 6 nhân,Apple GPU 4 nhân,2 SIM (nano‑SIM và eSIM),256.0,3095.0,iOS,6.0
iPhone 13 Pro 128GB | Chính hãng VN/A,21990000.0,4.6,11.0,6.1,120.0,Apple A15 Bionic 6 nhân,GPU 4 nhân,2 SIM (nano‑SIM và eSIM),128.0,3095.0,iOS,6.0
iPhone 13 256GB | Chính hãng VN/A,14990000.0,4.5,4.0,6.1,60.0,Apple A15,Apple GPU 4 nhân,2 SIM (nano‑SIM và eSIM),256.0,3240.0,iOS,4.0
iPhone 13 Pro Max 128GB | Chính hãng VN/A,22990000.0,4.9,179.0,6.7,120.0,Apple A15 Bionic 6 nhân,GPU 5 nhân,2 SIM (nano‑SIM và eSIM),128.0,4352.0,iOS,6.0
iPhone 13 Pro Max 256GB | Chính hãng VN/A,23990000.0,4.8,33.0,6.7,120.0,Apple A15 Bionic 6 nhân,GPU 5 nhân,2 SIM (nano‑SIM và eSIM),256.0,4352.0,iOS,6.0
iPhone 14 Pro Max 1TB | Chính hãng VN/A,41790000.0,5.0,1.0,6.7,120.0,Apple A16 Bionic 6 nhân,Apple GPU 5 nhân,2 SIM (nano‑SIM và eSIM),1.0,4323.0,iOS,6.0
iPhone 14 Pro 256GB | Chính hãng VN/A,24990000.0,4.6,5.0,6.1,120.0,Apple A16 Bionic,GPU 5 nhân,2 SIM (nano‑SIM và eSIM),256.0,3200.0,iOS,6.0
iPhone 14 Pro Max 256GB | Chính hãng VN/A,27990000.0,4.9,35.0,6.7,120.0,Apple A16 Bionic 6 nhân,Apple GPU 5 nhân,2 SIM (nano‑SIM và eSIM),256.0,4323.0,iOS,6.0
iPhone 14 Pro 128GB | Chính hãng VN/A,22990000.0,4.9,21.0,6.1,120.0,Apple A16 Bionic 6 nhân,GPU 5 nhân,2 SIM (nano‑SIM và eSIM),128.0,3200.0,iOS,6.0
iPhone 14 Plus 512GB | Chính hãng VN/A,25490000.0,5.0,10.0,6.7,60.0,Apple A15 Bionic,5 nhân GPU,2 SIM (nano‑SIM và eSIM),512.0,4325.0,iOS,6.0
iPhone 14 Plus 256GB | Chính hãng VN/A,19990000.0,4.8,6.0,6.7,60.0,Apple A15 Bionic,5 nhân GPU,2 SIM (nano‑SIM và eSIM),256.0,4325.0,iOS,6.0
iPhone 14 Plus 128GB | Chính hãng VN/A,17990000.0,4.8,25.0,6.7,60.0,Apple A15 Bionic,5 nhân GPU,2 SIM (nano‑SIM và eSIM),128.0,4325.0,iOS,6.0
iPhone 14 256GB | Chính hãng VN/A,15990000.0,5.0,1.0,6.1,60.0,Apple A15 Bionic 6 nhân,Apple GPU 5 nhân,2 SIM (nano‑SIM và eSIM),256.0,3279.0,iOS,6.0
iPhone 15 Pro 256GB | Chính hãng VN/A,27490000.0,5.0,6.0,6.1,120.0,Apple A17 Pro 6 nhân,GPU 6 nhân mới,2 SIM (nano‑SIM và eSIM),256.0,3274.0,iOS,8.0
iPhone 15 Pro Max 1TB | Chính hãng VN/A,34990000.0,4.7,6.0,6.7,120.0,Apple A17 Pro 6 nhân,GPU 6 nhân mới,2 SIM (nano‑SIM và eSIM),1.0,4422.0,iOS,8.0
iPhone 16 Plus 512GB | Chính hãng VN/A,29490000.0,5.0,10.0,6.7,60.0,Apple A18,GPU 5 lõi mới,Sim kép (nano-Sim và e-Sim) - Hỗ trợ 2 e-Sim,512.0,5000.0,iOS,8.0
iPhone 16e 512GB | Chính hãng VN/A,25490000.0,5.0,10.0,6.1,120.0,Chip A18,"GPU 4 lõi mới
Neural Engine 16 lõi mới",Sim kép (nano-Sim và e-Sim) - Hỗ trợ 2 e-Sim,512.0,26.0,iOS,8.0
iPhone 16 256GB | Chính hãng VN/A,22490000.0,4.9,15.0,6.1,60.0,Apple A18,GPU 5 lõi mới,Sim kép (nano-Sim và e-Sim) - Hỗ trợ 2 e-Sim,256.0,5000.0,iOS,8.0
iPhone 16 Pro Max 1TB | Chính hãng VN/A,42990000.0,5.0,12.0,6.9,120.0,Apple A18 Pro,GPU 6 lõi mới,Sim kép (nano-Sim và e-Sim) - Hỗ trợ 2 e-Sim,1.0,5000.0,iOS,8.0
iPhone 16 Plus 256GB | Chính hãng VN/A,25890000.0,5.0,5.0,6.7,60.0,Apple A18,GPU 5 lõi mới,Sim kép (nano-Sim và e-Sim) - Hỗ trợ 2 e-Sim,256.0,5000.0,iOS,8.0
iPhone 16 Pro 1TB | Chính hãng VN/A,39990000.0,5.0,10.0,6.3,120.0,Apple A18 Pro,GPU 6 lõi mới,Sim kép (nano-Sim và e-Sim) - Hỗ trợ 2 e-Sim,1.0,5000.0,iOS,8.0
iPhone 16 Pro 256GB | Chính hãng VN/A,28590000.0,4.9,29.0,6.3,120.0,Apple A18 Pro,GPU 6 lõi mới,Sim kép (nano-Sim và e-Sim) - Hỗ trợ 2 e-Sim,256.0,5000.0,iOS,8.0
iPhone 16 Pro 512GB | Chính hãng VN/A,34690000.0,5.0,10.0,6.3,120.0,Apple A18 Pro,GPU 6 lõi mới,Sim kép (nano-Sim và e-Sim) - Hỗ trợ 2 e-Sim,512.0,5000.0,iOS,8.0
iPhone 11 128GB | Chính hãng VN/A,9490000.0,4.9,72.0,6.1,60.0,A13 Bionic,Apple GPU,Nano-SIM + eSIM,128.0,3110.0,iOS,4.0
iPhone 11 64GB | Chính hãng VN/A,7990000.0,4.9,158.0,6.1,60.0,A13 Bionic,Apple GPU,Nano-SIM + eSIM,64.0,3110.0,iOS,4.0
iPhone 16e 256GB | Chính hãng VN/A,19490000.0,5.0,10.0,6.1,120.0,Chip A18,"GPU 4 lõi mới
Neural Engine 16 lõi mới",Sim kép (nano-Sim và e-Sim) - Hỗ trợ 2 e-Sim,256.0,26.0,iOS,8.0
iPhone 15 Plus 256GB | Chính hãng VN/A,22790000.0,4.8,17.0,6.7,60.0,Apple A16 Bionic,GPU 5 lõi,2 SIM (nano‑SIM và eSIM),256.0,4383.0,iOS,6.0
iPhone 12 Pro Max 128GB I Chính hãng VN/A,23490000.0,4.9,173.0,6.7,60.0,Apple A14 Bionic (5 nm),Apple GPU (4-core graphics),2 SIM (nano‑SIM và eSIM),128.0,20.0,iOS,6.0
iPhone 15 Pro 128GB | Chính hãng VN/A,23990000.0,4.8,20.0,6.1,120.0,Apple A17 Pro 6 nhân,GPU 6 nhân mới,2 SIM (nano‑SIM và eSIM),128.0,3274.0,iOS,8.0
iPhone 16 Plus 128GB | Chính hãng VN/A,22490000.0,4.8,22.0,6.7,60.0,Apple A18,GPU 5 lõi mới,Sim kép (nano-Sim và e-Sim) - Hỗ trợ 2 e-Sim,128.0,5000.0,iOS,8.0
iPhone 16 Pro Max 512GB | Chính hãng VN/A,37490000.0,5.0,24.0,6.9,120.0,Apple A18 Pro,GPU 6 lõi mới,Sim kép (nano-Sim và e-Sim) - Hỗ trợ 2 e-Sim,512.0,5000.0,iOS,8.0
iPhone 15 Pro Max 512GB | Chính hãng VN/A,30990000.0,4.6,15.0,6.7,120.0,Apple A17 Pro 6 nhân,GPU 6 nhân mới,2 SIM (nano‑SIM và eSIM),512.0,4422.0,iOS,8.0
iPhone 15 256GB | Chính hãng VN/A,18990000.0,4.4,9.0,6.1,60.0,Apple A16 Bionic 6 nhân,GPU 5 lõi,2 SIM (nano‑SIM và eSIM),256.0,3349.0,iOS,6.0
iPhone 16 128GB | Chính hãng VN/A,19190000.0,4.8,27.0,6.1,60.0,Apple A18,GPU 5 lõi mới,Sim kép (nano-Sim và e-Sim) - Hỗ trợ 2 e-Sim,128.0,5000.0,iOS,8.0
iPhone 15 Plus 128GB | Chính hãng VN/A,19490000.0,4.8,48.0,6.7,60.0,Apple A16 Bionic,GPU 5 lõi,2 SIM (nano‑SIM và eSIM),128.0,4383.0,iOS,6.0
iPhone 14 Pro Max 128GB | Chính hãng VN/A,25590000.0,4.9,114.0,6.7,120.0,Apple A16 Bionic 6-core,Apple GPU (5-core graphics),2 SIM (nano‑SIM và eSIM),128.0,4.0,iOS,6.0
iPhone 14 128GB  | Chính hãng VN/A,12690000.0,4.9,31.0,6.1,60.0,Apple A15 Bionic 6 nhân,Apple GPU 5 nhân,2 SIM (nano‑SIM và eSIM),128.0,3279.0,iOS,6.0
Xiaomi POCO M6 6GB 128GB - Chỉ có tại CellphoneS,3190000.0,4.9,34.0,6.79,90.0,Helio G91-Ultra,Mali-G52 MC2,2 SIM (Nano-SIM),128.0,5030.0,Android,6.0
Samsung Galaxy A15 LTE 8GB 128GB,4290000.0,4.9,71.0,6.5,90.0,MediaTek G99,Mali-G57,2 SIM (Nano-SIM),128.0,5000.0,Android,8.0
iPhone 16 Pro 128GB | Chính hãng VN/A,25390000.0,5.0,32.0,6.3,120.0,Apple A18 Pro,GPU 6 lõi mới,Sim kép (nano-Sim và e-Sim) - Hỗ trợ 2 e-Sim,128.0,5000.0,iOS,8.0
Samsung Galaxy A56 5G 8GB 128GB,9490000.0,5.0,10.0,6.7,120.0,Exynos 1580,Adreno 610,SIM 1 + SIM 2 / SIM 1 + eSIM / 2 eSIM,128.0,5000.0,Android,8.0
Samsung Galaxy M55 12GB 256GB,9190000.0,4.9,18.0,6.7,120.0,Qualcomm Snapdragon 7 Gen 1 (4 nm),Adreno 644,2 SIM (Nano-SIM),256.0,5000.0,Android,12.0
iPhone 13 128GB | Chính hãng VN/A,11690000.0,5.0,287.0,6.1,60.0,Apple A15,Apple GPU 4 nhân,2 SIM (nano‑SIM và eSIM),128.0,3240.0,iOS,4.0
iPhone 15 Pro Max 256GB | Chính hãng VN/A,27990000.0,4.9,181.0,6.7,120.0,Apple A17 Pro 6 nhân,GPU 6 nhân mới,2 SIM (nano‑SIM và eSIM),256.0,4422.0,iOS,8.0
Samsung Galaxy Z Flip6 12GB 256GB,19490000.0,5.0,16.0,6.7,120.0,Snapdragon 8 Gen 3 for Galaxy Tăng lên 42% AI,Adreno 610,1 Nano SIM + 1 eSIM hoặc 2 eSIM,256.0,4000.0,Android,12.0
iPhone 16e 128GB | Chính hãng VN/A,16390000.0,5.0,35.0,6.1,120.0,Chip A18,"GPU 4 lõi mới
Neural Engine 16 lõi mới",Sim kép (nano-Sim và e-Sim) - Hỗ trợ 2 e-Sim,128.0,26.0,iOS,8.0
Samsung Galaxy S24 FE 5G 8GB 128GB,12990000.0,4.8,6.0,6.7,120.0,Exynos 2400e (4nm),Adreno 610,2 SIM (Nano-SIM),128.0,4700.0,Android,8.0
Xiaomi 15 Ultra 5G 16GB 512GB,31990000.0,5.0,3.0,6.73,120.0,Snapdragon 8 Elite (Tiến trình sản xuất 3nm),Adreno GPU,Sim kép (nano-Sim và e-Sim) - Hỗ trợ 2 e-Sim,512.0,5410.0,Khác,16.0
iPhone 15 128GB | Chính hãng VN/A,15990000.0,4.9,62.0,6.1,60.0,Apple A16 Bionic 6 nhân,5‑core GPU,2 SIM (nano‑SIM và eSIM),128.0,3349.0,iOS,6.0
Samsung Galaxy S25 256GB,19590000.0,5.0,1.0,6.2,120.0,Snapdragon 8 Elite dành cho Galaxy (3nm),Adreno 610,2 Nano-SIM + eSIM,256.0,4000.0,Android,12.0
OPPO Reno10 Pro+ 5G 12GB 256GB,10990000.0,4.9,8.0,6.74,120.0,Snapdragon 8 plus Gen 1 8 nhân,Adreno 730,2 SIM (Nano-SIM),256.0,4700.0,Android,12.0
Samsung Galaxy S24 Ultra 12GB 256GB,22990000.0,4.9,55.0,6.8,120.0,Snapdragon 8 Gen 3 For Galaxy,Adreno 750 (1 GHz),SIM 1 + SIM 2 / SIM 1 + eSIM / 2 eSIM,256.0,5000.0,Android,12.0
Xiaomi 14T Pro 12GB 512GB,14490000.0,4.9,50.0,6.67,144.0,MediaTek Dimensity 9300+,Immortalis-G720 MC12,Sim kép (nano-Sim và e-Sim) - Hỗ trợ 2 e-Sim,512.0,5000.0,Android,12.0
Xiaomi Redmi Note 14 6GB 128GB,4690000.0,4.8,93.0,6.67,120.0,MediaTek Helio G99-Ultra,Mali-G57 MC2,2 Nano-SIM,128.0,5500.0,Android,6.0
Xiaomi 15 5G 12GB 256GB,21990000.0,4.8,6.0,6.36,120.0,Snapdragon 8 Elite (Tiến trình sản xuất 3nm),Adreno GPU,Sim kép (nano-Sim và e-Sim) - Hỗ trợ 2 e-Sim,256.0,5240.0,Khác,12.0
Samsung Galaxy S25 Ultra 12GB 256GB,28990000.0,4.8,26.0,6.9,120.0,Snapdragon 8 Elite dành cho Galaxy (3nm),Adreno 610,2 Nano-SIM + eSIM,256.0,5000.0,Android,12.0
iPhone 16 Pro Max 256GB | Chính hãng VN/A,30990000.0,4.9,233.0,6.9,120.0,Apple A18 Pro,GPU 6 lõi mới,Sim kép (nano-Sim và e-Sim) - Hỗ trợ 2 e-Sim,256.0,5000.0,iOS,8.0
